,0,1,,,
0,CA,Beloeil,,CA,221
1,CA,Gatineau,,US,2699
2,CA,Truro,,,
3,CA,Thetford-Mines,,,
4,CA,Burnaby,,,
5,CA,North Vancouver,,,
6,CA,Lethbridge,,,
7,CA,Sarnia,,,
8,CA,New Westminster,,,
9,CA,Mirabel,,,
10,CA,Halifax,,,
11,CA,Moncton,,,
12,CA,Willowdale,,,
13,CA,Parksville,,,
14,CA,Dieppe,,,
15,CA,Langley,,,
16,CA,North Bay,,,
17,CA,Laval,,,
18,CA,Cornwall,,,
19,CA,Saint-Augustin-de-Desmaures,,,
20,CA,Fort St. John,,,
21,CA,Huntsville,,,
22,CA,Brant,,,
23,CA,Guelph,,,
24,CA,Beaconsfield,,,
25,CA,Boisbriand,,,
26,CA,Ancaster,,,
27,CA,New Glasgow,,,
28,CA,Dorval,,,
29,CA,Fort McMurray,,,
30,CA,Burlington,,,
31,CA,Sherwood Park,,,
32,CA,Pointe-Claire,,,
33,CA,Walnut Grove,,,
34,CA,Saint-Jean-sur-Richelieu,,,
35,CA,Kingston,,,
36,CA,Val-d'Or,,,
37,CA,Kamloops,,,
38,CA,Nanaimo,,,
39,CA,Kirkland,,,
40,CA,Whitehorse,,,
41,CA,Saint John,,,
42,CA,Saint-Constant,,,
43,CA,Baie-Comeau,,,
44,CA,Petawawa,,,
45,CA,Edmonton,,,
46,CA,Fort Erie,,,
47,CA,Thunder Bay,,,
48,CA,Blainville,,,
49,CA,Richmond Hill,,,
50,CA,Boucherville,,,
51,CA,Amos,,,
52,CA,Milton,,,
53,CA,Orillia,,,
54,CA,Repentigny,,,
55,CA,Rivière-du-Loup,,,
56,CA,Rimouski,,,
57,CA,Calgary,,,
58,CA,Keswick,,,
59,CA,Saint-Léonard,,,
60,CA,West End,,,
61,CA,Brandon,,,
62,CA,Campbell River,,,
63,CA,Orangeville,,,
64,CA,Victoria,,,
65,CA,Courtenay,,,
66,CA,Fredericton,,,
67,CA,Corner Brook,,,
68,CA,Sherbrooke,,,
69,CA,Salmon Arm,,,
70,CA,Cranbrook,,,
71,CA,Charlottetown,,,
72,CA,Edmundston,,,
73,CA,Owen Sound,,,
74,CA,Cobourg,,,
75,CA,St. Catharines,,,
76,CA,St. Thomas,,,
77,CA,Alma,,,
78,CA,Vernon,,,
79,CA,Glace Bay,,,
80,CA,Airdrie,,,
81,CA,Rayside-Balfour,,,
82,CA,Port Colborne,,,
83,CA,Waterloo,,,
84,CA,Kitchener,,,
85,CA,Mississauga,,,
86,CA,Camrose,,,
87,CA,Joliette,,,
88,CA,Prince Edward,,,
89,CA,Bellechasse Regional County Municipality,,,
90,CA,Anmore,,,
91,CA,Etobicoke,,,
92,CA,Victoriaville,,,
93,CA,Sainte-Julie,,,
94,CA,Mascouche,,,
95,CA,Côte-Saint-Luc,,,
96,CA,Langley,,,
97,CA,Chambly,,,
98,CA,Brockville,,,
99,CA,Pickering,,,
100,CA,Norfolk County,,,
101,CA,Coquitlam,,,
102,CA,Sept-Îles,,,
103,CA,Dartmouth,,,
104,CA,La Prairie,,,
105,CA,Port Alberni,,,
106,CA,Medicine Hat,,,
107,CA,Port Moody,,,
108,CA,Yellowknife,,,
109,CA,Winnipeg,,,
110,CA,St. Albert,,,
111,CA,Abbotsford,,,
112,CA,Prince George,,,
113,CA,Windsor,,,
114,CA,Collingwood,,,
115,CA,Magog,,,
116,CA,Leduc,,,
117,CA,Clarence-Rockland,,,
118,CA,Oshawa,,,
119,CA,Rouyn-Noranda,,,
120,CA,Hamilton,,,
121,CA,Greater Napanee,,,
122,CA,Vaudreuil-Dorion,,,
123,CA,Vaughan,,,
124,CA,Saguenay,,,
125,CA,Ajax,,,
126,CA,Moose Jaw,,,
127,CA,Westmount,,,
128,CA,North Battleford,,,
129,CA,Okanagan,,,
130,CA,West Kelowna,,,
131,CA,Duncan,,,
132,CA,Kelowna,,,
133,CA,Saint-Basile-le-Grand,,,
134,CA,Cambridge,,,
135,CA,Trois-Rivières,,,
136,CA,Saint-Laurent,,,
137,CA,Saint-Lazare,,,
138,CA,London,,,
139,CA,Cochrane,,,
140,CA,Lower Sacvkille,,,
141,CA,Welland,,,
142,CA,Penticton,,,
143,CA,Newmarket,,,
144,CA,Prince Albert,,,
145,CA,L'Ancienne-Lorette,,,
146,CA,Maple Ridge,,,
147,CA,Montréal,,,
148,CA,Salaberry-de-Valleyfield,,,
149,CA,Conception Bay South,,,
150,CA,Chilliwack,,,
151,CA,Greater Sudbury,,,
152,CA,Red Deer,,,
153,CA,Peterborough,,,
154,CA,Lévis,,,
155,CA,North York,,,
156,CA,St. John's,,,
157,CA,Deux-Montagnes,,,
158,CA,Varennes,,,
159,CA,Langford,,,
160,CA,Shawinigan,,,
161,CA,Saint-Hyacinthe,,,
162,CA,Drummondville,,,
163,CA,Quinte West,,,
164,CA,Timmins,,,
165,CA,Regina,,,
166,CA,Brantford,,,
167,CA,Longueuil,,,
168,CA,Pembroke,,,
169,CA,Sorel-Tracy,,,
170,CA,Dollard-Des Ormeaux,,,
171,CA,Belleville,,,
172,CA,Terrebonne,,,
173,CA,Mount Pearl,,,
174,CA,Terrace,,,
175,CA,Sainte-Catherine,,,
176,CA,Québec,,,
177,CA,Saint-Jérôme,,,
178,CA,Yorkton,,,
179,CA,Candiac,,,
180,CA,Châteauguay,,,
181,CA,Oak Bay,,,
182,CA,Barrie,,,
183,CA,Sydney,,,
184,CA,Markham,,,
185,CA,Pitt Meadows,,,
186,CA,Richmond,,,
187,CA,Toronto,,,
188,CA,Jonquière,,,
189,CA,West Vancouver,,,
190,CA,Mont-Royal,,,
191,CA,Cole Harbour,,,
192,CA,Saint-Eustache,,,
193,CA,Scarborough,,,
194,CA,White Rock,,,
195,CA,Stratford,,,
196,CA,Miramichi,,,
197,CA,Sault Ste. Marie,,,
198,CA,Midland,,,
199,CA,Bradford West Gwillimbury,,,
200,CA,Thorold,,,
201,CA,Lloydminster,,,
202,CA,Saint-Bruno-de-Montarville,,,
203,CA,Vancouver,,,
204,CA,L'Assomption,,,
205,CA,Niagara Falls,,,
206,CA,Spruce Grove,,,
207,CA,Granby,,,
208,CA,Ladner,,,
209,CA,Saskatoon,,,
210,CA,Brossard,,,
211,CA,Surrey,,,
212,CA,Oakville,,,
213,CA,Woodstock,,,
214,CA,Mont-Saint-Hilaire,,,
215,CA,Ottawa,,,
216,CA,Sainte-Thérèse,,,
217,CA,North Cowichan,,,
218,CA,Grande Prairie,,,
219,CA,Brampton,,,
220,CA,Delta,,,
221,US,Monroe,,,
222,US,Oak Ridge,,,
223,US,Clinton,,,
224,US,Laurel,,,
225,US,Great Bend,,,
226,US,Pueblo West,,,
227,US,Watertown,,,
228,US,Alhambra,,,
229,US,Golden,,,
230,US,‘Ewa Gentry,,,
231,US,Bloomington,,,
232,US,Navarre,,,
233,US,Donna,,,
234,US,San Pablo,,,
235,US,Stevens Point,,,
236,US,Fullerton,,,
237,US,Phenix City,,,
238,US,Fairview Park,,,
239,US,Drexel Heights,,,
240,US,Bristol,,,
241,US,Easton,,,
242,US,Seabrook,,,
243,US,Carpentersville,,,
244,US,Cedar Rapids,,,
245,US,East Independence,,,
246,US,San Leandro,,,
247,US,Rochester,,,
248,US,Langley Park,,,
249,US,Parma,,,
250,US,Shenandoah,,,
251,US,Buckeye,,,
252,US,Schaumburg,,,
253,US,Parkville,,,
254,US,Kearney,,,
255,US,Estero,,,
256,US,Tonawanda,,,
257,US,Shively,,,
258,US,Woodland Hills,,,
259,US,Woodland,,,
260,US,West Hempstead,,,
261,US,Trenton,,,
262,US,East Meadow,,,
263,US,East Massapequa,,,
264,US,Wellington,,,
265,US,Hagerstown,,,
266,US,North Creek,,,
267,US,Frisco,,,
268,US,Alpharetta,,,
269,US,Elko,,,
270,US,Long Beach,,,
271,US,Woonsocket,,,
272,US,Gahanna,,,
273,US,Sumter,,,
274,US,Millcreek,,,
275,US,Cary,,,
276,US,Caledonia,,,
277,US,Frederickson,,,
278,US,Port Hueneme,,,
279,US,Farragut,,,
280,US,Green Haven,,,
281,US,Sun Prairie,,,
282,US,Winchester,,,
283,US,Woodstock,,,
284,US,Colorado Springs,,,
285,US,Orangevale,,,
286,US,New Castle,,,
287,US,Newnan,,,
288,US,Indio,,,
289,US,Post Falls,,,
290,US,Winston-Salem,,,
291,US,Monroe,,,
292,US,Bradenton,,,
293,US,Bridgeport,,,
294,US,Olympia,,,
295,US,San Gabriel,,,
296,US,Sedalia,,,
297,US,Aliso Viejo,,,
298,US,Parkland,,,
299,US,Centennial,,,
300,US,Plum,,,
301,US,New City,,,
302,US,Downey,,,
303,US,South Portland Gardens,,,
304,US,Mercer Island,,,
305,US,South Bend,,,
306,US,Johnston,,,
307,US,Lansing,,,
308,US,Eagan,,,
309,US,Mandan,,,
310,US,Palm Springs,,,
311,US,East Palo Alto,,,
312,US,Fremont,,,
313,US,College Station,,,
314,US,Sioux Falls,,,
315,US,Jamaica,,,
316,US,Holden,,,
317,US,Wilmington,,,
318,US,Paramus,,,
319,US,New Lenox,,,
320,US,Yuba City,,,
321,US,Upper Saint Clair,,,
322,US,Selma,,,
323,US,San Fernando,,,
324,US,Sammamish,,,
325,US,Issaquah,,,
326,US,Artesia,,,
327,US,Gary,,,
328,US,Magna,,,
329,US,Cohoes,,,
330,US,Americus,,,
331,US,Coeur d'Alene,,,
332,US,Oak Ridge,,,
333,US,Marion,,,
334,US,Pleasanton,,,
335,US,Shakopee,,,
336,US,Kendall,,,
337,US,Moreno Valley,,,
338,US,Vandalia,,,
339,US,Liberal,,,
340,US,Taunton,,,
341,US,Norfolk,,,
342,US,Shawnee,,,
343,US,Superior,,,
344,US,North Glendale,,,
345,US,Owosso,,,
346,US,Newport,,,
347,US,Cottonwood Heights,,,
348,US,West Chester,,,
349,US,Oro Valley,,,
350,US,Catonsville,,,
351,US,Allendale,,,
352,US,Key West,,,
353,US,Tahlequah,,,
354,US,Weirton,,,
355,US,Defiance,,,
356,US,Franklin,,,
357,US,Greater Northdale,,,
358,US,Longmont,,,
359,US,The Villages,,,
360,US,Mamaroneck,,,
361,US,Auburn,,,
362,US,Westchester,,,
363,US,Chula Vista,,,
364,US,Country Club Hills,,,
365,US,Chalmette,,,
366,US,East Point,,,
367,US,Oviedo,,,
368,US,Norton Shores,,,
369,US,Scarsdale,,,
370,US,Granger,,,
371,US,East Setauket,,,
372,US,Carol City,,,
373,US,Paradise,,,
374,US,Rolla,,,
375,US,Somerset,,,
376,US,West Gulfport,,,
377,US,Ankeny,,,
378,US,Belton,,,
379,US,Cottage Grove,,,
380,US,Town 'n' Country,,,
381,US,Fishers,,,
382,US,Houma,,,
383,US,St. Marys,,,
384,US,Manhattan,,,
385,US,Security-Widefield,,,
386,US,Roselle,,,
387,US,Slidell,,,
388,US,South Salt Lake,,,
389,US,Egypt Lake-Leto,,,
390,US,Lewiston Orchards,,,
391,US,Bellflower,,,
392,US,Porterville,,,
393,US,Irvington,,,
394,US,Bethlehem,,,
395,US,Grafton,,,
396,US,Bremerton,,,
397,US,New Bern,,,
398,US,Forest Grove,,,
399,US,Big Spring,,,
400,US,Utica,,,
401,US,Gadsden,,,
402,US,Elkton,,,
403,US,Forest Park,,,
404,US,Freeport,,,
405,US,Chattanooga,,,
406,US,Jackson,,,
407,US,Newark,,,
408,US,Saint Clair Shores,,,
409,US,Portsmouth,,,
410,US,Orchards,,,
411,US,Yarmouth,,,
412,US,Mattoon,,,
413,US,Massillon,,,
414,US,Burbank,,,
415,US,Huntersville,,,
416,US,Rio Rico,,,
417,US,Monterey Park,,,
418,US,Prichard,,,
419,US,Horn Lake,,,
420,US,Grosse Pointe Woods,,,
421,US,Ives Estates,,,
422,US,Toms River,,,
423,US,Vestavia Hills,,,
424,US,Albany,,,
425,US,Concord,,,
426,US,Burlington,,,
427,US,Mount Pleasant,,,
428,US,Clovis,,,
429,US,Wade Hampton,,,
430,US,Shoreview,,,
431,US,Whitney,,,
432,US,Pacific Grove,,,
433,US,Yorba Linda,,,
434,US,Trotwood,,,
435,US,Chelmsford,,,
436,US,Hanford,,,
437,US,Valley Station,,,
438,US,West Puente Valley,,,
439,US,Melrose,,,
440,US,Morton Grove,,,
441,US,Hermosa Beach,,,
442,US,Webster Groves,,,
443,US,Chicago Heights,,,
444,US,Oak Forest,,,
445,US,Montgomery,,,
446,US,Middleton,,,
447,US,Alameda,,,
448,US,Crofton,,,
449,US,Charleston,,,
450,US,Monsey,,,
451,US,Redland,,,
452,US,Melbourne,,,
453,US,Shorewood,,,
454,US,Golden Valley,,,
455,US,Avondale,,,
456,US,Farmington,,,
457,US,Olney,,,
458,US,Seven Oaks,,,
459,US,Onalaska,,,
460,US,Jupiter,,,
461,US,Hot Springs,,,
462,US,Alvin,,,
463,US,Lakewood,,,
464,US,Crawfordsville,,,
465,US,Dolton,,,
466,US,Lake in the Hills,,,
467,US,Bayside,,,
468,US,Lockport,,,
469,US,Marina,,,
470,US,Borough of Queens,,,
471,US,Hyattsville,,,
472,US,Keizer,,,
473,US,Shirley,,,
474,US,Tifton,,,
475,US,Springboro,,,
476,US,Augusta,,,
477,US,East Pensacola Heights,,,
478,US,Converse,,,
479,US,Tualatin,,,
480,US,Fremont,,,
481,US,Methuen,,,
482,US,Dover,,,
483,US,Mobile,,,
484,US,Bloomingdale,,,
485,US,Rochester Hills,,,
486,US,Pinellas Park,,,
487,US,Coronado,,,
488,US,Woodbridge,,,
489,US,Fayetteville,,,
490,US,Camarillo,,,
491,US,Santa Clarita,,,
492,US,West Hills,,,
493,US,Niagara Falls,,,
494,US,Rockville Centre,,,
495,US,Ojus,,,
496,US,Denver,,,
497,US,Crest Hill,,,
498,US,Rocky Mount,,,
499,US,Rosemount,,,
500,US,Avon,,,
501,US,Glendale,,,
502,US,Muskegon,,,
503,US,Dundalk,,,
504,US,New Brunswick,,,
505,US,Nipomo,,,
506,US,Prospect Heights,,,
507,US,Pendleton,,,
508,US,Cloverleaf,,,
509,US,Boston,,,
510,US,Sherwood,,,
511,US,Mayfield Heights,,,
512,US,Rock Hill,,,
513,US,Gilroy,,,
514,US,Norwalk,,,
515,US,Midwest City,,,
516,US,Rosamond,,,
517,US,Middletown,,,
518,US,Evans,,,
519,US,Evanston,,,
520,US,Fallbrook,,,
521,US,Elizabethtown,,,
522,US,North Babylon,,,
523,US,North Amityville,,,
524,US,Cañon City,,,
525,US,Troy,,,
526,US,Ponca City,,,
527,US,Redondo Beach,,,
528,US,Blue Springs,,,
529,US,Newburyport,,,
530,US,Waterville,,,
531,US,Goodyear,,,
532,US,Matthews,,,
533,US,Fort Walton Beach,,,
534,US,Bryant,,,
535,US,Redmond,,,
536,US,Longview,,,
537,US,Del Rio,,,
538,US,Athens,,,
539,US,Radnor,,,
540,US,Friendswood,,,
541,US,Cibolo,,,
542,US,Scottsdale,,,
543,US,Godfrey,,,
544,US,Riverview,,,
545,US,Olive Branch,,,
546,US,Ansonia,,,
547,US,Maple Shade,,,
548,US,Martinez,,,
549,US,Saratoga Springs,,,
550,US,Monterey,,,
551,US,Braintree,,,
552,US,Elmwood Park,,,
553,US,Amarillo,,,
554,US,Quincy,,,
555,US,Lawrenceville,,,
556,US,DeKalb,,,
557,US,Dubuque,,,
558,US,Westford,,,
559,US,Abington,,,
560,US,Hope Mills,,,
561,US,Jersey City,,,
562,US,Norco,,,
563,US,Eagle Pass,,,
564,US,Buffalo,,,
565,US,Marana,,,
566,US,Sugar Hill,,,
567,US,Sulphur,,,
568,US,Newport,,,
569,US,Willowbrook,,,
570,US,Bristol,,,
571,US,Brandon,,,
572,US,Centereach,,,
573,US,Hacienda Heights,,,
574,US,Scotch Plains,,,
575,US,Warner Robins,,,
576,US,Bear,,,
577,US,Lawton,,,
578,US,Chapel Hill,,,
579,US,Holly Springs,,,
580,US,Algonquin,,,
581,US,Brockton,,,
582,US,Hicksville,,,
583,US,Oswego,,,
584,US,Jenks,,,
585,US,Estelle,,,
586,US,Marion,,,
587,US,Ramona,,,
588,US,American Fork,,,
589,US,South Elgin,,,
590,US,Mukilteo,,,
591,US,Lexington,,,
592,US,Springfield,,,
593,US,Mansfield,,,
594,US,Ashtabula,,,
595,US,North Peoria,,,
596,US,Glassmanor,,,
597,US,Ridgecrest,,,
598,US,Bryan,,,
599,US,Poplar Bluff,,,
600,US,Farmington,,,
601,US,Marion,,,
602,US,Pasco,,,
603,US,West Palm Beach,,,
604,US,Willingboro,,,
605,US,West Memphis,,,
606,US,Union,,,
607,US,Waverly,,,
608,US,Oregon,,,
609,US,Pickerington,,,
610,US,Newark,,,
611,US,Casper,,,
612,US,Liberty,,,
613,US,Junction City,,,
614,US,Colton,,,
615,US,Agawam,,,
616,US,Fairfield Heights,,,
617,US,Buffalo Grove,,,
618,US,Laurel,,,
619,US,San Tan Valley,,,
620,US,Claremont,,,
621,US,Elk Grove,,,
622,US,Banning,,,
623,US,Spokane Valley,,,
624,US,Gautier,,,
625,US,Pasadena,,,
626,US,Angleton,,,
627,US,Pine Bluff,,,
628,US,Palm Bay,,,
629,US,Lutz,,,
630,US,Collierville,,,
631,US,Sunnyside,,,
632,US,Macon,,,
633,US,West Islip,,,
634,US,Hillside,,,
635,US,Fruit Cove,,,
636,US,Clarksville,,,
637,US,State College,,,
638,US,Oak Harbor,,,
639,US,Southbridge,,,
640,US,Broadview Heights,,,
641,US,Vancouver,,,
642,US,Rialto,,,
643,US,Newton,,,
644,US,Westport,,,
645,US,Goleta,,,
646,US,Bentonville,,,
647,US,Trussville,,,
648,US,Allen Park,,,
649,US,Saco,,,
650,US,Apex,,,
651,US,Eau Claire,,,
652,US,Troutdale,,,
653,US,Aberdeen,,,
654,US,Sapulpa,,,
655,US,Columbus,,,
656,US,Summerville,,,
657,US,King of Prussia,,,
658,US,Arnold,,,
659,US,Highland,,,
660,US,Rio Rancho,,,
661,US,Anacortes,,,
662,US,Texarkana,,,
663,US,Fort Wayne,,,
664,US,Grayslake,,,
665,US,Farmington,,,
666,US,Anderson,,,
667,US,Framingham,,,
668,US,Framingham Center,,,
669,US,Gallup,,,
670,US,Columbine,,,
671,US,Norland,,,
672,US,Mission Viejo,,,
673,US,Orange,,,
674,US,Shreveport,,,
675,US,Natick,,,
676,US,Milwaukie,,,
677,US,Plainfield,,,
678,US,Oakdale,,,
679,US,Holladay,,,
680,US,Kannapolis,,,
681,US,Foster City,,,
682,US,Findlay,,,
683,US,Alliance,,,
684,US,Middletown,,,
685,US,American Canyon,,,
686,US,University Park,,,
687,US,Rancho San Diego,,,
688,US,Amherst,,,
689,US,Concord,,,
690,US,Fresno,,,
691,US,Grand Junction,,,
692,US,West Carson,,,
693,US,Westminster,,,
694,US,West New York,,,
695,US,West Orange,,,
696,US,South Miami Heights,,,
697,US,Paducah,,,
698,US,Perrysburg,,,
699,US,Palm Valley,,,
700,US,Hobart,,,
701,US,Avenal,,,
702,US,Greenville,,,
703,US,North Royalton,,,
704,US,Windham,,,
705,US,Covington,,,
706,US,Tooele,,,
707,US,Cantonment,,,
708,US,Saint Michael,,,
709,US,Summerlin South,,,
710,US,West Springfield,,,
711,US,Setauket-East Setauket,,,
712,US,Gresham,,,
713,US,Sylvania,,,
714,US,Urbana,,,
715,US,Opelousas,,,
716,US,Columbus,,,
717,US,Louisville,,,
718,US,Boulder City,,,
719,US,North Tustin,,,
720,US,Bloomington,,,
721,US,Horizon City,,,
722,US,Yucaipa,,,
723,US,Diamond Bar,,,
724,US,Moline,,,
725,US,Mokena,,,
726,US,Blaine,,,
727,US,Covina,,,
728,US,Sikeston,,,
729,US,Central Falls,,,
730,US,Shafter,,,
731,US,Saint Matthews,,,
732,US,Cheektowaga,,,
733,US,Duncanville,,,
734,US,Centerville,,,
735,US,South Pasadena,,,
736,US,Hammond,,,
737,US,Salmon Creek,,,
738,US,Union Hill-Novelty Hill,,,
739,US,Acton,,,
740,US,Altamonte Springs,,,
741,US,Tacoma,,,
742,US,Cleburne,,,
743,US,Winter Park,,,
744,US,Citrus Heights,,,
745,US,Creve Coeur,,,
746,US,Wethersfield,,,
747,US,Gardner,,,
748,US,Barstow Heights,,,
749,US,West Saint Paul,,,
750,US,Florence-Graham,,,
751,US,Fitchburg,,,
752,US,North Canton,,,
753,US,Brentwood,,,
754,US,Saint Cloud,,,
755,US,Bettendorf,,,
756,US,Smithtown,,,
757,US,Fort Washington,,,
758,US,Royal Oak,,,
759,US,Edgewood,,,
760,US,National City,,,
761,US,Minnetonka,,,
762,US,Skokie,,,
763,US,Adrian,,,
764,US,Holiday,,,
765,US,Mountlake Terrace,,,
766,US,Holland,,,
767,US,Rexburg,,,
768,US,Mableton,,,
769,US,Eastpointe,,,
770,US,Hopkinsville,,,
771,US,Hoover,,,
772,US,Coney Island,,,
773,US,Cupertino,,,
774,US,Hesperia,,,
775,US,Ballenger Creek,,,
776,US,Portland,,,
777,US,Kaysville,,,
778,US,Vineland,,,
779,US,Wakefield,,,
780,US,Middletown,,,
781,US,Camden,,,
782,US,Opelika,,,
783,US,Collinsville,,,
784,US,Sunny Isles Beach,,,
785,US,South River,,,
786,US,Plantation,,,
787,US,Santa Rosa,,,
788,US,Brawley,,,
789,US,Woodlawn,,,
790,US,Starkville,,,
791,US,Alamo,,,
792,US,Rogers,,,
793,US,Brunswick,,,
794,US,Haslett,,,
795,US,Merrimack,,,
796,US,Palatine,,,
797,US,Evansville,,,
798,US,Brunswick,,,
799,US,Highland Park,,,
800,US,McHenry,,,
801,US,Fresno,,,
802,US,Coram,,,
803,US,Northfield,,,
804,US,Woodmere,,,
805,US,Penn Hills,,,
806,US,Orcutt,,,
807,US,Battle Creek,,,
808,US,Mundelein,,,
809,US,Midvale,,,
810,US,Rockford,,,
811,US,Birmingham,,,
812,US,South Jordan Heights,,,
813,US,Prattville,,,
814,US,Searcy,,,
815,US,Champaign,,,
816,US,Long Beach,,,
817,US,Loveland,,,
818,US,Reno,,,
819,US,Kāne‘ohe,,,
820,US,Southglenn,,,
821,US,East Peoria,,,
822,US,Spring Valley,,,
823,US,San Marcos,,,
824,US,Kennewick,,,
825,US,Topeka,,,
826,US,Wallingford Center,,,
827,US,East Hill-Meridian,,,
828,US,South Portland,,,
829,US,El Paso,,,
830,US,Carrboro,,,
831,US,Reading,,,
832,US,Fort Dodge,,,
833,US,Chico,,,
834,US,Plainview,,,
835,US,University Place,,,
836,US,Keene,,,
837,US,Bartow,,,
838,US,Sidney,,,
839,US,Clinton,,,
840,US,Florence,,,
841,US,Solon,,,
842,US,Batavia,,,
843,US,Clifton,,,
844,US,Drexel Hill,,,
845,US,Valrico,,,
846,US,Coon Rapids,,,
847,US,Saint Charles,,,
848,US,Kalamazoo,,,
849,US,Eagle Mountain,,,
850,US,San Rafael,,,
851,US,Sunrise,,,
852,US,Huber Heights,,,
853,US,Oceanside,,,
854,US,Conyers,,,
855,US,Romeoville,,,
856,US,Wayne,,,
857,US,Prairie Village,,,
858,US,Livonia,,,
859,US,Las Vegas,,,
860,US,Cincinnati,,,
861,US,Zion,,,
862,US,Las Cruces,,,
863,US,Austin,,,
864,US,Marquette,,,
865,US,West Elkridge,,,
866,US,Gaithersburg,,,
867,US,Pikesville,,,
868,US,Homewood,,,
869,US,Lauderhill,,,
870,US,Ferndale,,,
871,US,Kingsport,,,
872,US,Woodburn,,,
873,US,Chino Hills,,,
874,US,Rancho Cucamonga,,,
875,US,Chandler,,,
876,US,Hinesville,,,
877,US,Valley Stream,,,
878,US,Pleasant Prairie,,,
879,US,Granite Bay,,,
880,US,Balch Springs,,,
881,US,Fort Pierce,,,
882,US,Ruskin,,,
883,US,Stow,,,
884,US,Upper Arlington,,,
885,US,Pullman,,,
886,US,Compton,,,
887,US,Fitchburg,,,
888,US,Marshalltown,,,
889,US,Wheaton,,,
890,US,Galesburg,,,
891,US,Islip,,,
892,US,Palm Beach Gardens,,,
893,US,Watertown,,,
894,US,Abilene,,,
895,US,Severn,,,
896,US,Riverdale,,,
897,US,Brownwood,,,
898,US,Uniondale,,,
899,US,Bel Air South,,,
900,US,Prior Lake,,,
901,US,Easton,,,
902,US,Lenoir,,,
903,US,Jacksonville,,,
904,US,Hopatcong,,,
905,US,Riviera Beach,,,
906,US,Northampton,,,
907,US,Syracuse,,,
908,US,Syosset,,,
909,US,Maricopa,,,
910,US,Champlin,,,
911,US,Madison,,,
912,US,Holyoke,,,
913,US,Cutler Bay,,,
914,US,Rancho Palos Verdes,,,
915,US,Johns Creek,,,
916,US,Milton,,,
917,US,Shelbyville,,,
918,US,Point Pleasant,,,
919,US,Kingman,,,
920,US,Branford,,,
921,US,Parsippany,,,
922,US,Altus,,,
923,US,Apache Junction,,,
924,US,Southfield,,,
925,US,Susanville,,,
926,US,Corona,,,
927,US,Port Charlotte,,,
928,US,Santa Clara,,,
929,US,Oxon Hill,,,
930,US,Alexandria,,,
931,US,Wahiawā,,,
932,US,City of Milford (balance),,,
933,US,Bozeman,,,
934,US,Ridgeland,,,
935,US,Kankakee,,,
936,US,Avon Center,,,
937,US,Avon Lake,,,
938,US,Harvey,,,
939,US,Lemont,,,
940,US,Hibbing,,,
941,US,Essex,,,
942,US,Del City,,,
943,US,Smyrna,,,
944,US,Makakilo,,,
945,US,Brentwood,,,
946,US,Haverhill,,,
947,US,Burnsville,,,
948,US,The Bronx,,,
949,US,Albuquerque,,,
950,US,Port Chester,,,
951,US,Berwyn,,,
952,US,Ardmore,,,
953,US,Alum Rock,,,
954,US,Columbus,,,
955,US,Merced,,,
956,US,Gainesville,,,
957,US,Bourbonnais,,,
958,US,Myrtle Grove,,,
959,US,Spanish Springs,,,
960,US,Fairview Heights,,,
961,US,Belleville,,,
962,US,Hayesville,,,
963,US,East Brainerd,,,
964,US,Scottsbluff,,,
965,US,Dothan,,,
966,US,Glenview,,,
967,US,Coconut Creek,,,
968,US,Leominster,,,
969,US,Selden,,,
970,US,Billings,,,
971,US,Hialeah,,,
972,US,SeaTac,,,
973,US,Englewood,,,
974,US,Lewiston,,,
975,US,Monroe,,,
976,US,Randolph,,,
977,US,Marietta,,,
978,US,Lisle,,,
979,US,Channelview,,,
980,US,Flint,,,
981,US,Huntsville,,,
982,US,Statesboro,,,
983,US,Forest Lake,,,
984,US,South Yuba City,,,
985,US,West Scarborough,,,
986,US,Glendale,,,
987,US,Kenner,,,
988,US,Ashwaubenon,,,
989,US,Middleburg Heights,,,
990,US,Westland,,,
991,US,North Olmsted,,,
992,US,Brookline,,,
993,US,Montrose,,,
994,US,Windsor,,,
995,US,Hannibal,,,
996,US,Schofield Barracks,,,
997,US,Hazel Park,,,
998,US,Youngstown,,,
999,US,Sunrise Manor,,,
1000,US,Lake Zurich,,,
1001,US,Rosemead,,,
1002,US,Marion,,,
1003,US,Lealman,,,
1004,US,Monroeville,,,
1005,US,East Lake-Orient Park,,,
1006,US,Lexington,,,
1007,US,Rye,,,
1008,US,Mehlville,,,
1009,US,Crestview,,,
1010,US,Maryland Heights,,,
1011,US,Piscataway,,,
1012,US,South El Monte,,,
1013,US,Stillwater,,,
1014,US,Oakville,,,
1015,US,Cherry Hill,,,
1016,US,Sayreville Junction,,,
1017,US,Sayreville,,,
1018,US,Beverly Cove,,,
1019,US,Greenfield,,,
1020,US,Pinecrest,,,
1021,US,Gulfport,,,
1022,US,Bartlesville,,,
1023,US,Medford,,,
1024,US,West Covina,,,
1025,US,Morristown,,,
1026,US,Everett,,,
1027,US,Prescott Valley,,,
1028,US,Carlisle,,,
1029,US,Wausau,,,
1030,US,South Vineland,,,
1031,US,Redford,,,
1032,US,Lakewood,,,
1033,US,Midland,,,
1034,US,Westfield,,,
1035,US,Quincy,,,
1036,US,Ashland,,,
1037,US,Patterson,,,
1038,US,Stockbridge,,,
1039,US,DeBary,,,
1040,US,Modesto,,,
1041,US,Norton,,,
1042,US,Columbia Heights,,,
1043,US,Richmond,,,
1044,US,Elyria,,,
1045,US,Huntington,,,
1046,US,Cypress,,,
1047,US,Ocean Acres,,,
1048,US,Scranton,,,
1049,US,Wyoming,,,
1050,US,Red Wing,,,
1051,US,Hendersonville,,,
1052,US,Durham,,,
1053,US,Long Branch,,,
1054,US,Little Rock,,,
1055,US,Ironville,,,
1056,US,Clarksville,,,
1057,US,Wheat Ridge,,,
1058,US,Augusta,,,
1059,US,Wyckoff,,,
1060,US,Berkeley,,,
1061,US,Valparaiso,,,
1062,US,Van Buren,,,
1063,US,Elk Grove Village,,,
1064,US,Ontario,,,
1065,US,Hickory,,,
1066,US,Indian Trail,,,
1067,US,Sacramento,,,
1068,US,Dixon,,,
1069,US,Lakewood,,,
1070,US,Lexington-Fayette,,,
1071,US,Athens,,,
1072,US,Bedford,,,
1073,US,Richland,,,
1074,US,Eustis,,,
1075,US,Glassboro,,,
1076,US,Deer Park,,,
1077,US,Sandy Hills,,,
1078,US,Centralia,,,
1079,US,Howard,,,
1080,US,Saint Petersburg,,,
1081,US,Burbank,,,
1082,US,Bothell,,,
1083,US,Prunedale,,,
1084,US,Westchester,,,
1085,US,Bolingbrook,,,
1086,US,Mountain Top,,,
1087,US,Three Lakes,,,
1088,US,Grand Forks,,,
1089,US,Holbrook,,,
1090,US,Arcata,,,
1091,US,Castro Valley,,,
1092,US,El Reno,,,
1093,US,Tupelo,,,
1094,US,Paradise,,,
1095,US,Lehigh Acres,,,
1096,US,Novi,,,
1097,US,Schenectady,,,
1098,US,Carrollton,,,
1099,US,Burleson,,,
1100,US,Four Corners,,,
1101,US,Chicopee,,,
1102,US,South Laurel,,,
1103,US,Cloverly,,,
1104,US,Whitehall Township,,,
1105,US,North Aurora,,,
1106,US,Davenport,,,
1107,US,Brighton,,,
1108,US,Strongsville,,,
1109,US,Laurinburg,,,
1110,US,Rio Linda,,,
1111,US,Smithfield,,,
1112,US,Savannah,,,
1113,US,Euclid,,,
1114,US,O'Fallon,,,
1115,US,Fairhaven,,,
1116,US,East Cleveland,,,
1117,US,West Sacramento,,,
1118,US,Rubidoux,,,
1119,US,West Fargo,,,
1120,US,Franklin,,,
1121,US,Avocado Heights,,,
1122,US,Baldwin,,,
1123,US,Alamogordo,,,
1124,US,Coral Gables,,,
1125,US,Clive,,,
1126,US,South Bel Air,,,
1127,US,Pinewood,,,
1128,US,Kent,,,
1129,US,Blue Island,,,
1130,US,Draper,,,
1131,US,Calexico,,,
1132,US,Wooster,,,
1133,US,Edmonds,,,
1134,US,Akron,,,
1135,US,Troy,,,
1136,US,Saint Cloud,,,
1137,US,Decatur,,,
1138,US,Sanford,,,
1139,US,Lake Worth,,,
1140,US,Lake Worth Corridor,,,
1141,US,Bostonia,,,
1142,US,West Bloomfield Township,,,
1143,US,El Dorado Hills,,,
1144,US,Davis,,,
1145,US,Roseville,,,
1146,US,Faribault,,,
1147,US,Iron River,,,
1148,US,Jefferson City,,,
1149,US,Opportunity,,,
1150,US,Derry,,,
1151,US,Leavenworth,,,
1152,US,Amesbury,,,
1153,US,West Little River,,,
1154,US,Carson City,,,
1155,US,Rolling Meadows,,,
1156,US,Coventry,,,
1157,US,Punta Gorda Isles,,,
1158,US,Punta Gorda,,,
1159,US,New York City,,,
1160,US,Sterling Heights,,,
1161,US,Pearl City,,,
1162,US,Mastic,,,
1163,US,Honolulu,,,
1164,US,Kent,,,
1165,US,Roanoke Rapids,,,
1166,US,Mountain View,,,
1167,US,Foothill Farms,,,
1168,US,Roswell,,,
1169,US,Waipahu,,,
1170,US,Broken Arrow,,,
1171,US,O'Fallon,,,
1172,US,Grants Pass,,,
1173,US,Commerce City,,,
1174,US,Easley,,,
1175,US,Homewood,,,
1176,US,Culver City,,,
1177,US,Marlboro,,,
1178,US,Anderson,,,
1179,US,Sioux City,,,
1180,US,Hialeah Gardens,,,
1181,US,La Vista,,,
1182,US,North Las Vegas,,,
1183,US,Jasper,,,
1184,US,Des Moines,,,
1185,US,Chicago,,,
1186,US,Durango,,,
1187,US,Burlington,,,
1188,US,Edison,,,
1189,US,Statesville,,,
1190,US,West Mifflin,,,
1191,US,Puyallup,,,
1192,US,Ames,,,
1193,US,Richmond,,,
1194,US,Whitehall,,,
1195,US,Brownsville,,,
1196,US,Pembroke Pines,,,
1197,US,Acworth,,,
1198,US,Hilliard,,,
1199,US,Mason,,,
1200,US,South Burlington,,,
1201,US,Ocala,,,
1202,US,Concord,,,
1203,US,Butte-Silver Bow (Balance),,,
1204,US,Salt Lake City,,,
1205,US,Terrytown,,,
1206,US,Hereford,,,
1207,US,New Smyrna Beach,,,
1208,US,Kentwood,,,
1209,US,Lafayette,,,
1210,US,Fords,,,
1211,US,Frankfort,,,
1212,US,Wailuku,,,
1213,US,Candler-McAfee,,,
1214,US,Clinton,,,
1215,US,Fairhope,,,
1216,US,Crystal,,,
1217,US,Plant City,,,
1218,US,Chanhassen,,,
1219,US,New Brighton,,,
1220,US,Ada,,,
1221,US,West Hollywood,,,
1222,US,Sandy Springs,,,
1223,US,Bay City,,,
1224,US,Mount Vernon,,,
1225,US,Saint Charles,,,
1226,US,Rock Island,,,
1227,US,Gladstone,,,
1228,US,Natchitoches,,,
1229,US,Southgate,,,
1230,US,Brentwood Estates,,,
1231,US,Grandview,,,
1232,US,Sherman Oaks,,,
1233,US,Randallstown,,,
1234,US,Tanque Verde,,,
1235,US,Madison,,,
1236,US,Inver Grove Heights,,,
1237,US,Socastee,,,
1238,US,Attleboro,,,
1239,US,Central,,,
1240,US,Pahrump,,,
1241,US,Mesquite,,,
1242,US,Michigan City,,,
1243,US,Owings Mills,,,
1244,US,Calumet City,,,
1245,US,Machesney Park,,,
1246,US,Oxford,,,
1247,US,Redlands,,,
1248,US,Austintown,,,
1249,US,Morrisville,,,
1250,US,Portland,,,
1251,US,Shoreline,,,
1252,US,Cedar Hill,,,
1253,US,Marlborough,,,
1254,US,Salina,,,
1255,US,Burton,,,
1256,US,Andover,,,
1257,US,Kansas City,,,
1258,US,Brigham City,,,
1259,US,Adelphi,,,
1260,US,Madison,,,
1261,US,Watertown,,,
1262,US,East Longmeadow,,,
1263,US,Alsip,,,
1264,US,Lafayette,,,
1265,US,Park Forest,,,
1266,US,Los Gatos,,,
1267,US,Frankfort,,,
1268,US,Menifee,,,
1269,US,West Lafayette,,,
1270,US,Carol Stream,,,
1271,US,Beaumont,,,
1272,US,West Warwick,,,
1273,US,Limerick,,,
1274,US,Hermiston,,,
1275,US,Tallahassee,,,
1276,US,Belleville,,,
1277,US,Westfield,,,
1278,US,Sand Springs,,,
1279,US,Cimarron Hills,,,
1280,US,Catalina Foothills,,,
1281,US,Sterling,,,
1282,US,Lorain,,,
1283,US,Gilbert,,,
1284,US,Bossier City,,,
1285,US,Lavergne,,,
1286,US,Moore,,,
1287,US,Paramount,,,
1288,US,Lubbock,,,
1289,US,Oakdale,,,
1290,US,Springfield,,,
1291,US,Peabody,,,
1292,US,Cookeville,,,
1293,US,San Dimas,,,
1294,US,El Mirage,,,
1295,US,Fern Creek,,,
1296,US,Bellaire,,,
1297,US,Hurst,,,
1298,US,Wildwood,,,
1299,US,Haines City,,,
1300,US,Aurora,,,
1301,US,Dover,,,
1302,US,Miamisburg,,,
1303,US,Hopkins,,,
1304,US,Southchase,,,
1305,US,Wilmington,,,
1306,US,Waldorf,,,
1307,US,Palm Harbor,,,
1308,US,Newton,,,
1309,US,Truckee,,,
1310,US,Waukesha,,,
1311,US,Tewksbury,,,
1312,US,Saint Louis Park,,,
1313,US,Murrieta,,,
1314,US,Freeport,,,
1315,US,Hays,,,
1316,US,Sherrelwood,,,
1317,US,Winter Springs,,,
1318,US,Wenatchee,,,
1319,US,North Druid Hills,,,
1320,US,North Decatur,,,
1321,US,South Holland,,,
1322,US,Jackson,,,
1323,US,Dunwoody,,,
1324,US,Paragould,,,
1325,US,Canby,,,
1326,US,Huntington Station,,,
1327,US,San Clemente,,,
1328,US,Cockeysville,,,
1329,US,Stoughton,,,
1330,US,Dover,,,
1331,US,Montgomery,,,
1332,US,Cape Coral,,,
1333,US,Beavercreek,,,
1334,US,Binghamton,,,
1335,US,Flagami,,,
1336,US,Summit,,,
1337,US,Fort Bragg,,,
1338,US,Kettering,,,
1339,US,Appleton,,,
1340,US,Manchester,,,
1341,US,Clinton,,,
1342,US,Warren Township,,,
1343,US,Bridgewater,,,
1344,US,Allapattah,,,
1345,US,Daphne,,,
1346,US,Newark,,,
1347,US,Charleston,,,
1348,US,Camas,,,
1349,US,Muncie,,,
1350,US,Hercules,,,
1351,US,Wildomar,,,
1352,US,Wasco,,,
1353,US,Cleveland,,,
1354,US,Allentown,,,
1355,US,Hamtramck,,,
1356,US,Des Moines,,,
1357,US,Pomona,,,
1358,US,Glen Burnie,,,
1359,US,Parkland,,,
1360,US,North Port,,,
1361,US,Palmdale,,,
1362,US,Baltimore,,,
1363,US,Santa Fe,,,
1364,US,Jamestown,,,
1365,US,New Iberia,,,
1366,US,New Bedford,,,
1367,US,San Francisco,,,
1368,US,Newburg,,,
1369,US,Layton,,,
1370,US,Pleasure Ridge Park,,,
1371,US,Thomasville,,,
1372,US,The Hammocks,,,
1373,US,Los Altos,,,
1374,US,Country Walk,,,
1375,US,Campbell,,,
1376,US,Plainview,,,
1377,US,Farmington,,,
1378,US,Avenel,,,
1379,US,East Brunswick,,,
1380,US,Mishawaka,,,
1381,US,Wichita,,,
1382,US,Warwick,,,
1383,US,Lebanon,,,
1384,US,Willmar,,,
1385,US,Citrus Park,,,
1386,US,Aberdeen,,,
1387,US,Spring Valley,,,
1388,US,Kendale Lakes,,,
1389,US,Kailua,,,
1390,US,Independence,,,
1391,US,Chowchilla,,,
1392,US,Downers Grove,,,
1393,US,San Diego,,,
1394,US,Houston,,,
1395,US,Orinda,,,
1396,US,Bay Village,,,
1397,US,Franklin Square,,,
1398,US,Maywood,,,
1399,US,Benton,,,
1400,US,Maplewood,,,
1401,US,Duarte,,,
1402,US,Brighton,,,
1403,US,Milton,,,
1404,US,Malden,,,
1405,US,Barrington,,,
1406,US,Clarksdale,,,
1407,US,Murray,,,
1408,US,Florissant,,,
1409,US,Whittier,,,
1410,US,Mesa,,,
1411,US,Nashua,,,
1412,US,Hamilton,,,
1413,US,Decatur,,,
1414,US,Lebanon,,,
1415,US,Lindenwold,,,
1416,US,The Crossings,,,
1417,US,Anthem,,,
1418,US,Cheyenne,,,
1419,US,Makakilo City,,,
1420,US,Wayne,,,
1421,US,South Old Bridge,,,
1422,US,South Orange,,,
1423,US,Boulder,,,
1424,US,Lochearn,,,
1425,US,Kalispell,,,
1426,US,San Mateo,,,
1427,US,Muskego,,,
1428,US,Asbury Park,,,
1429,US,Rowland Heights,,,
1430,US,Palm River-Clair Mel,,,
1431,US,Ronkonkoma,,,
1432,US,Washington,,,
1433,US,Hobbs,,,
1434,US,Fort Thomas,,,
1435,US,Winchester,,,
1436,US,Mount Juliet,,,
1437,US,Milford,,,
1438,US,Detroit,,,
1439,US,Blytheville,,,
1440,US,Somerville,,,
1441,US,Soledad,,,
1442,US,West Milford,,,
1443,US,Oxnard Shores,,,
1444,US,South Ogden,,,
1445,US,Bonita Springs,,,
1446,US,Maryland City,,,
1447,US,Wauwatosa,,,
1448,US,New Philadelphia,,,
1449,US,Mililani Town,,,
1450,US,Bellwood,,,
1451,US,Harvey,,,
1452,US,Grandville,,,
1453,US,North Little Rock,,,
1454,US,Logansport,,,
1455,US,Pittsfield,,,
1456,US,Graham,,,
1457,US,Orlando,,,
1458,US,Rome,,,
1459,US,Florence,,,
1460,US,El Cerrito,,,
1461,US,Menomonee Falls,,,
1462,US,Ocean Springs,,,
1463,US,Meads,,,
1464,US,Danville,,,
1465,US,Rochester,,,
1466,US,Bullhead City,,,
1467,US,Easton,,,
1468,US,Apple Valley,,,
1469,US,Fuquay-Varina,,,
1470,US,Miami Beach,,,
1471,US,Eggertsville,,,
1472,US,Gastonia,,,
1473,US,Middletown,,,
1474,US,Decatur,,,
1475,US,Lenexa,,,
1476,US,Asheville,,,
1477,US,Fair Lawn,,,
1478,US,Arlington,,,
1479,US,Buena Park,,,
1480,US,Maple Heights,,,
1481,US,Secaucus,,,
1482,US,Petaluma,,,
1483,US,Iowa City,,,
1484,US,Huntley,,,
1485,US,Garfield,,,
1486,US,Lake Forest,,,
1487,US,Kearny,,,
1488,US,Henderson,,,
1489,US,Pacifica,,,
1490,US,Baton Rouge,,,
1491,US,Elmira,,,
1492,US,Chaska,,,
1493,US,Concord,,,
1494,US,Roselle,,,
1495,US,Madisonville,,,
1496,US,Atascocita,,,
1497,US,Madison,,,
1498,US,Edina,,,
1499,US,Milwaukee,,,
1500,US,Paso Robles,,,
1501,US,Goodlettsville,,,
1502,US,Fort Worth,,,
1503,US,Beltsville,,,
1504,US,Mountain Brook,,,
1505,US,Boca Del Mar,,,
1506,US,Arbutus,,,
1507,US,Fairbanks,,,
1508,US,Brent,,,
1509,US,Castaic,,,
1510,US,Kendall West,,,
1511,US,North Bellmore,,,
1512,US,Clearwater,,,
1513,US,Saginaw,,,
1514,US,Hanover Park,,,
1515,US,Cutler,,,
1516,US,Everett,,,
1517,US,Upper Alton,,,
1518,US,Wekiwa Springs,,,
1519,US,Spring Valley,,,
1520,US,Kīhei,,,
1521,US,Tucker,,,
1522,US,LaPorte,,,
1523,US,Fort Lee,,,
1524,US,Westmont,,,
1525,US,Reedley,,,
1526,US,Glen Cove,,,
1527,US,Bessemer,,,
1528,US,Needham,,,
1529,US,Easthampton,,,
1530,US,Arcadia,,,
1531,US,Janesville,,,
1532,US,Hollister,,,
1533,US,Burlingame,,,
1534,US,Bloomingdale,,,
1535,US,Barstow,,,
1536,US,Duncan,,,
1537,US,Dixiana,,,
1538,US,Port Orange,,,
1539,US,Okemos,,,
1540,US,Martinez,,,
1541,US,Pearl,,,
1542,US,Casselberry,,,
1543,US,Duluth,,,
1544,US,Terre Haute,,,
1545,US,West Raleigh,,,
1546,US,Randolph,,,
1547,US,Grand Island,,,
1548,US,Bellmore,,,
1549,US,Coral Springs,,,
1550,US,Florence,,,
1551,US,Erie,,,
1552,US,Orland Park,,,
1553,US,West Albany,,,
1554,US,Richmond,,,
1555,US,Huntington Beach,,,
1556,US,Greenfield,,,
1557,US,Colchester,,,
1558,US,Sunset,,,
1559,US,Sierra Vista,,,
1560,US,West Des Moines,,,
1561,US,Northbrook,,,
1562,US,Pittsburgh,,,
1563,US,San Luis,,,
1564,US,Sicklerville,,,
1565,US,Bel Air North,,,
1566,US,Fayetteville,,,
1567,US,Bethesda,,,
1568,US,Pawtucket,,,
1569,US,Titusville,,,
1570,US,Torrance,,,
1571,US,Princeton,,,
1572,US,Saugus,,,
1573,US,Brownsville,,,
1574,US,Central Point,,,
1575,US,Council Bluffs,,,
1576,US,Thomasville,,,
1577,US,Sheboygan,,,
1578,US,Martha Lake,,,
1579,US,McDonough,,,
1580,US,Rutherford,,,
1581,US,Westerville,,,
1582,US,Overland,,,
1583,US,Bedford,,,
1584,US,Florida Ridge,,,
1585,US,Palisades Park,,,
1586,US,Eastlake,,,
1587,US,Omaha,,,
1588,US,Oak Grove,,,
1589,US,Palo Alto,,,
1590,US,Fountain Hills,,,
1591,US,Amherst Center,,,
1592,US,Gillette,,,
1593,US,Cleveland,,,
1594,US,Saratoga,,,
1595,US,White Bear Lake,,,
1596,US,Margate,,,
1597,US,Brookfield,,,
1598,US,Middle River,,,
1599,US,Walnut Park,,,
1600,US,Wolcott,,,
1601,US,Taylor,,,
1602,US,Fairwood,,,
1603,US,Frederick,,,
1604,US,Wadsworth,,,
1605,US,Ennis,,,
1606,US,East Ridge,,,
1607,US,Westfield,,,
1608,US,Meridian,,,
1609,US,Rockland,,,
1610,US,South Peabody,,,
1611,US,Davie,,,
1612,US,Tonawanda,,,
1613,US,Irondequoit,,,
1614,US,Warren,,,
1615,US,Florin,,,
1616,US,Pleasant Grove,,,
1617,US,Rancho Mirage,,,
1618,US,Bethel Park,,,
1619,US,Affton,,,
1620,US,Inglewood,,,
1621,US,Idaho Falls,,,
1622,US,Montclair,,,
1623,US,Bensonhurst,,,
1624,US,Passaic,,,
1625,US,Greeley,,,
1626,US,Arlington Heights,,,
1627,US,Longmeadow,,,
1628,US,Ottumwa,,,
1629,US,Cahokia,,,
1630,US,Iona,,,
1631,US,Chickasha,,,
1632,US,South Gate,,,
1633,US,Lancaster,,,
1634,US,Simi Valley,,,
1635,US,Rosedale,,,
1636,US,Salem,,,
1637,US,Siloam Springs,,,
1638,US,Rocklin,,,
1639,US,Ruston,,,
1640,US,Brenham,,,
1641,US,North Tonawanda,,,
1642,US,North Valley Stream,,,
1643,US,Carrollwood Village,,,
1644,US,Carrollwood,,,
1645,US,Dublin,,,
1646,US,Conway,,,
1647,US,Saint George,,,
1648,US,Towson,,,
1649,US,Deer Park,,,
1650,US,East Rancho Dominguez,,,
1651,US,Lino Lakes,,,
1652,US,Biddeford,,,
1653,US,Salinas,,,
1654,US,Boyle Heights,,,
1655,US,Twentynine Palms,,,
1656,US,Burlington,,,
1657,US,Apple Valley,,,
1658,US,Westerly,,,
1659,US,Mount Vernon,,,
1660,US,Port Washington,,,
1661,US,Wilsonville,,,
1662,US,Park Ridge,,,
1663,US,Melrose Park,,,
1664,US,Auburn,,,
1665,US,Lynbrook,,,
1666,US,Romulus,,,
1667,US,Murfreesboro,,,
1668,US,San Juan Capistrano,,,
1669,US,Tamiami,,,
1670,US,Caldwell,,,
1671,US,Land O' Lakes,,,
1672,US,Rochester,,,
1673,US,Cartersville,,,
1674,US,Carmichael,,,
1675,US,Fillmore,,,
1676,US,Vero Beach,,,
1677,US,East Florence,,,
1678,US,North Bay Shore,,,
1679,US,Pooler,,,
1680,US,Frankfort,,,
1681,US,Maumelle,,,
1682,US,Kuna,,,
1683,US,Mill Creek,,,
1684,US,Cooper City,,,
1685,US,East Los Angeles,,,
1686,US,Columbia,,,
1687,US,Belle Glade,,,
1688,US,North Hollywood,,,
1689,US,Missoula,,,
1690,US,Hallandale Beach,,,
1691,US,Hunt Valley,,,
1692,US,Tillmans Corner,,,
1693,US,Wheeling,,,
1694,US,Bellingham,,,
1695,US,Greenfield,,,
1696,US,Aspen Hill,,,
1697,US,Cuyahoga Falls,,,
1698,US,Manitowoc,,,
1699,US,Clemmons,,,
1700,US,Tulsa,,,
1701,US,Albany,,,
1702,US,Beaver Dam,,,
1703,US,Wheeling,,,
1704,US,High Point,,,
1705,US,Smyrna,,,
1706,US,Shelby,,,
1707,US,Zanesville,,,
1708,US,Cranford,,,
1709,US,Hollywood,,,
1710,US,Tukwila,,,
1711,US,Piqua,,,
1712,US,Arlington,,,
1713,US,Escondido,,,
1714,US,Batavia,,,
1715,US,Greenwood,,,
1716,US,Roosevelt,,,
1717,US,Peekskill,,,
1718,US,Bethany,,,
1719,US,Golden Gate,,,
1720,US,Georgetown,,,
1721,US,Pearl River,,,
1722,US,Edgewater,,,
1723,US,Parker,,,
1724,US,Calverton,,,
1725,US,Hueytown,,,
1726,US,Crystal Lake,,,
1727,US,North Chicopee,,,
1728,US,Flagstaff,,,
1729,US,Emporia,,,
1730,US,Baytown,,,
1731,US,Billerica,,,
1732,US,Amsterdam,,,
1733,US,Woodbury,,,
1734,US,Corinth,,,
1735,US,East Millcreek,,,
1736,US,Spanaway,,,
1737,US,West and East Lealman,,,
1738,US,Cameron Park,,,
1739,US,Palmetto Bay,,,
1740,US,East New York,,,
1741,US,Lockport,,,
1742,US,Salem,,,
1743,US,Novato,,,
1744,US,North Lauderdale,,,
1745,US,Palm Desert,,,
1746,US,Lithia Springs,,,
1747,US,Ormond Beach,,,
1748,US,Anchorage,,,
1749,US,Woburn,,,
1750,US,Hillcrest Heights,,,
1751,US,Pocatello,,,
1752,US,Castle Rock,,,
1753,US,Lebanon,,,
1754,US,Tustin,,,
1755,US,Camp Springs,,,
1756,US,Mount Vernon,,,
1757,US,Harlingen,,,
1758,US,Canton,,,
1759,US,South San Francisco,,,
1760,US,Los Angeles,,,
1761,US,Annapolis,,,
1762,US,Kirksville,,,
1763,US,Albemarle,,,
1764,US,Springdale,,,
1765,US,Rome,,,
1766,US,Taylorsville,,,
1767,US,Fort Hood,,,
1768,US,West Chicago,,,
1769,US,Griffith,,,
1770,US,Clayton,,,
1771,US,Pinole,,,
1772,US,Cedar Falls,,,
1773,US,Pontiac,,,
1774,US,Enid,,,
1775,US,Clovis,,,
1776,US,Mankato,,,
1777,US,Springfield,,,
1778,US,Austin,,,
1779,US,Manhattan Beach,,,
1780,US,Redwood City,,,
1781,US,Vernon Hills,,,
1782,US,Nogales,,,
1783,US,Bergenfield,,,
1784,US,Hanover,,,
1785,US,Weston,,,
1786,US,Green Valley,,,
1787,US,St. Louis,,,
1788,US,Lawrence,,,
1789,US,Seaside,,,
1790,US,Mahwah,,,
1791,US,Hammond,,,
1792,US,Beacon,,,
1793,US,Blythe,,,
1794,US,Watsonville,,,
1795,US,South Plainfield,,,
1796,US,Nashville,,,
1797,US,Elmwood Park,,,
1798,US,Manhattan,,,
1799,US,Durant,,,
1800,US,Encinitas,,,
1801,US,Ponte Vedra Beach,,,
1802,US,Roseville,,,
1803,US,Elmhurst,,,
1804,US,Cumberland,,,
1805,US,Elgin,,,
1806,US,Racine,,,
1807,US,Ballwin,,,
1808,US,Tiffin,,,
1809,US,Staten Island,,,
1810,US,Prairieville,,,
1811,US,Lincoln,,,
1812,US,Clinton,,,
1813,US,Dallas,,,
1814,US,North Platte,,,
1815,US,Poughkeepsie,,,
1816,US,Hoffman Estates,,,
1817,US,Cranberry Township,,,
1818,US,Five Corners,,,
1819,US,Arvada,,,
1820,US,Streetsboro,,,
1821,US,Elkhart,,,
1822,US,East Lake,,,
1823,US,Elizabeth City,,,
1824,US,Copiague,,,
1825,US,Kiryas Joel,,,
1826,US,Corvallis,,,
1827,US,South Bradenton,,,
1828,US,Garden Grove,,,
1829,US,Garfield Heights,,,
1830,US,Johnstown,,,
1831,US,Hastings,,,
1832,US,Glen Avon,,,
1833,US,Bowie,,,
1834,US,Dumont,,,
1835,US,Norristown,,,
1836,US,Hattiesburg,,,
1837,US,East Moline,,,
1838,US,Wilmette,,,
1839,US,Bloomington,,,
1840,US,Saint Andrews,,,
1841,US,Tuscaloosa,,,
1842,US,Cortland,,,
1843,US,Forrest City,,,
1844,US,Painesville,,,
1845,US,Manteca,,,
1846,US,Aiken,,,
1847,US,West Allis,,,
1848,US,West Bend,,,
1849,US,Saint Peters,,,
1850,US,Nutley,,,
1851,US,Aurora,,,
1852,US,Linden,,,
1853,US,East Providence,,,
1854,US,Lake Stevens,,,
1855,US,Conroe,,,
1856,US,Atascadero,,,
1857,US,Oak Lawn,,,
1858,US,Independence,,,
1859,US,Reynoldsburg,,,
1860,US,Arnold,,,
1861,US,Coppell,,,
1862,US,San Ramon,,,
1863,US,Conway,,,
1864,US,Moraga,,,
1865,US,Yuma,,,
1866,US,Derby,,,
1867,US,Asheboro,,,
1868,US,Dyer,,,
1869,US,Pelham,,,
1870,US,Norwood,,,
1871,US,Saint Paul,,,
1872,US,Meridian,,,
1873,US,Euless,,,
1874,US,Twinsburg,,,
1875,US,Fountain,,,
1876,US,Dinuba,,,
1877,US,Clifton,,,
1878,US,Coachella,,,
1879,US,Tallmadge,,,
1880,US,La Crescenta-Montrose,,,
1881,US,Port Angeles,,,
1882,US,Delano,,,
1883,US,Brooklyn Center,,,
1884,US,Brooklyn Park,,,
1885,US,Eastchester,,,
1886,US,Lauderdale Lakes,,,
1887,US,Urbandale,,,
1888,US,Beaverton,,,
1889,US,Jeffersontown,,,
1890,US,Ridgewood,,,
1891,US,South San Jose Hills,,,
1892,US,Olathe,,,
1893,US,Bellview,,,
1894,US,Gallatin,,,
1895,US,Fortuna Foothills,,,
1896,US,Merritt Island,,,
1897,US,Orem,,,
1898,US,York,,,
1899,US,Lake Ronkonkoma,,,
1900,US,Sun City Center,,,
1901,US,Odessa,,,
1902,US,Spokane,,,
1903,US,Queen Creek,,,
1904,US,Harrisburg,,,
1905,US,Casa de Oro-Mount Helix,,,
1906,US,Norman,,,
1907,US,Hawthorne,,,
1908,US,Burlington,,,
1909,US,Long Island City,,,
1910,US,Auburn,,,
1911,US,Savage,,,
1912,US,Hopatcong Hills,,,
1913,US,Bloomfield,,,
1914,US,Tumwater,,,
1915,US,Bloomington,,,
1916,US,Kinston,,,
1917,US,East Lansing,,,
1918,US,Barberton,,,
1919,US,San Carlos,,,
1920,US,Marblehead,,,
1921,US,Daytona Beach,,,
1922,US,Clearfield,,,
1923,US,Aurora,,,
1924,US,Murrysville,,,
1925,US,Shawnee,,,
1926,US,Phoenix,,,
1927,US,Lemay,,,
1928,US,Greeneville,,,
1929,US,Galveston,,,
1930,US,Nicholasville,,,
1931,US,Chambersburg,,,
1932,US,Marrero,,,
1933,US,Seminole,,,
1934,US,Green Bay,,,
1935,US,Greensboro,,,
1936,US,Cheshire,,,
1937,US,Lakeville,,,
1938,US,Saratoga Springs,,,
1939,US,Highland Village,,,
1940,US,Vero Beach South,,,
1941,US,Montgomery Village,,,
1942,US,Harker Heights,,,
1943,US,Fond du Lac,,,
1944,US,North Bel Air,,,
1945,US,Maitland,,,
1946,US,Portage,,,
1947,US,Placentia,,,
1948,US,Richfield,,,
1949,US,Williamsport,,,
1950,US,Oxnard,,,
1951,US,Cape Girardeau,,,
1952,US,Pascagoula,,,
1953,US,Pueblo,,,
1954,US,Taylors,,,
1955,US,Cedar Park,,,
1956,US,Garland,,,
1957,US,Desert Hot Springs,,,
1958,US,Providence,,,
1959,US,Ukiah,,,
1960,US,Canyon Lake,,,
1961,US,Peoria,,,
1962,US,Silver Firs,,,
1963,US,Vineyard,,,
1964,US,Springfield,,,
1965,US,Naples,,,
1966,US,Tamarac,,,
1967,US,Columbus,,,
1968,US,Ceres,,,
1969,US,Raleigh,,,
1970,US,Westbury,,,
1971,US,Johnson City,,,
1972,US,Coconut Grove,,,
1973,US,Plainfield,,,
1974,US,Glenvar Heights,,,
1975,US,Temple Terrace,,,
1976,US,Plymouth,,,
1977,US,Chino,,,
1978,US,Ham Lake,,,
1979,US,Pampa,,,
1980,US,Oakley,,,
1981,US,Ludlow,,,
1982,US,Bay Shore,,,
1983,US,South Whittier,,,
1984,US,Selma,,,
1985,US,Cumberland,,,
1986,US,Westbrook,,,
1987,US,Rockville,,,
1988,US,Pensacola,,,
1989,US,Glendora,,,
1990,US,Douglasville,,,
1991,US,Elk River,,,
1992,US,Atlantic City,,,
1993,US,Galt,,,
1994,US,Willimantic,,,
1995,US,Henderson,,,
1996,US,Norwalk,,,
1997,US,Wake Forest,,,
1998,US,Montebello,,,
1999,US,Provo,,,
2000,US,Hazleton,,,
2001,US,Hauppauge,,,
2002,US,Okolona,,,
2003,US,Loma Linda,,,
2004,US,Monroe,,,
2005,US,Baldwin,,,
2006,US,Lexington,,,
2007,US,Maplewood,,,
2008,US,Jacksonville,,,
2009,US,Mount Clemens,,,
2010,US,Lawrence,,,
2011,US,Bayonne,,,
2012,US,Ashland,,,
2013,US,Owatonna,,,
2014,US,Greenfield,,,
2015,US,Opa-locka,,,
2016,US,Bowling Green,,,
2017,US,Huntington,,,
2018,US,New Albany,,,
2019,US,Calhoun,,,
2020,US,Denison,,,
2021,US,Belvedere Park,,,
2022,US,Country Club,,,
2023,US,South Valley,,,
2024,US,Cicero,,,
2025,US,Central Islip,,,
2026,US,Lake Oswego,,,
2027,US,Fountainebleau,,,
2028,US,Miramar,,,
2029,US,Hanover,,,
2030,US,South Boston,,,
2031,US,Takoma Park,,,
2032,US,Jonesboro,,,
2033,US,Munster,,,
2034,US,Panama City,,,
2035,US,Highlands Ranch,,,
2036,US,Belvidere,,,
2037,US,Hanover,,,
2038,US,Lake Butler,,,
2039,US,Farmingville,,,
2040,US,Southaven,,,
2041,US,Wilkinsburg,,,
2042,US,Atlanta,,,
2043,US,Bayshore Gardens,,,
2044,US,Raytown,,,
2045,US,Erlanger,,,
2046,US,Raymore,,,
2047,US,North Plainfield,,,
2048,US,North Bethesda,,,
2049,US,Colleyville,,,
2050,US,Peachtree City,,,
2051,US,Anaheim,,,
2052,US,Huntsville,,,
2053,US,Papillion,,,
2054,US,Lodi,,,
2055,US,Walker,,,
2056,US,Poinciana,,,
2057,US,Evans,,,
2058,US,Herriman,,,
2059,US,Ogden,,,
2060,US,Metairie Terrace,,,
2061,US,Santa Fe Springs,,,
2062,US,Great Falls,,,
2063,US,Bend,,,
2064,US,North Massapequa,,,
2065,US,Baldwin Park,,,
2066,US,Shrewsbury,,,
2067,US,Nanuet,,,
2068,US,Immokalee,,,
2069,US,Dodge City,,,
2070,US,Sandusky,,,
2071,US,Edwardsville,,,
2072,US,Minot,,,
2073,US,Willoughby,,,
2074,US,Knoxville,,,
2075,US,East Hemet,,,
2076,US,Sunnyvale,,,
2077,US,Dearborn Heights,,,
2078,US,Dearborn,,,
2079,US,Aloha,,,
2080,US,Neenah,,,
2081,US,Talladega,,,
2082,US,North Bergen,,,
2083,US,North Arlington,,,
2084,US,Adelanto,,,
2085,US,Albany,,,
2086,US,Broomfield,,,
2087,US,Carlsbad,,,
2088,US,Doral,,,
2089,US,Crown Point,,,
2090,US,Lancaster,,,
2091,US,Tarpon Springs,,,
2092,US,Niles,,,
2093,US,Warren,,,
2094,US,Elizabeth,,,
2095,US,Wentzville,,,
2096,US,Joplin,,,
2097,US,Yonkers,,,
2098,US,Franklin,,,
2099,US,Corcoran,,,
2100,US,Spanish Fork,,,
2101,US,Greenwood,,,
2102,US,Albert Lea,,,
2103,US,Ashland,,,
2104,US,Lake Shore,,,
2105,US,Manchester,,,
2106,US,Sayville,,,
2107,US,Leisure City,,,
2108,US,Bayou Cane,,,
2109,US,Newburgh,,,
2110,US,Federal Way,,,
2111,US,Carlsbad,,,
2112,US,Noblesville,,,
2113,US,Tracy,,,
2114,US,City of Sammamish,,,
2115,US,Cottage Lake,,,
2116,US,Lake Havasu City,,,
2117,US,McMinnville,,,
2118,US,Menomonie,,,
2119,US,Cedar City,,,
2120,US,Canoga Park,,,
2121,US,Loves Park,,,
2122,US,Klamath Falls,,,
2123,US,Mansfield,,,
2124,US,Naperville,,,
2125,US,Cornelius,,,
2126,US,Wright,,,
2127,US,Belmont,,,
2128,US,Ann Arbor,,,
2129,US,Carney,,,
2130,US,Brooklyn,,,
2131,US,Groves,,,
2132,US,Marysville,,,
2133,US,Bradley,,,
2134,US,Surprise,,,
2135,US,Apopka,,,
2136,US,Jacksonville,,,
2137,US,Medina,,,
2138,US,Owasso,,,
2139,US,Logan,,,
2140,US,Belmont,,,
2141,US,Iselin,,,
2142,US,Snellville,,,
2143,US,Plainfield,,,
2144,US,Perry Hall,,,
2145,US,Bixby,,,
2146,US,El Centro,,,
2147,US,Castlewood,,,
2148,US,Canton,,,
2149,US,Marysville,,,
2150,US,Troy,,,
2151,US,Kingsland,,,
2152,US,Westlake,,,
2153,US,Darien,,,
2154,US,Livingston,,,
2155,US,Imperial Beach,,,
2156,US,Coralville,,,
2157,US,New Milford,,,
2158,US,Winchester,,,
2159,US,East Chattanooga,,,
2160,US,Miami Gardens,,,
2161,US,South Hill,,,
2162,US,Back Mountain,,,
2163,US,Rahway,,,
2164,US,West Melbourne,,,
2165,US,Medford,,,
2166,US,Silverdale,,,
2167,US,Beloit,,,
2168,US,Danville,,,
2169,US,Union City,,,
2170,US,Roy,,,
2171,US,Jasmine Estates,,,
2172,US,Ewing,,,
2173,US,Hermitage,,,
2174,US,Lansdale,,,
2175,US,Westminster,,,
2176,US,Barnstable,,,
2177,US,Dana Point,,,
2178,US,Eugene,,,
2179,US,Oceanside,,,
2180,US,North Fort Myers,,,
2181,US,Oak Park,,,
2182,US,Chelsea,,,
2183,US,East Patchogue,,,
2184,US,Pennsauken,,,
2185,US,Lee's Summit,,,
2186,US,Saint Joseph,,,
2187,US,Jeffersonville,,,
2188,US,Corsicana,,,
2189,US,North La Crosse,,,
2190,US,Auburn,,,
2191,US,Redding,,,
2192,US,Bakersfield,,,
2193,US,Dracut,,,
2194,US,Northport,,,
2195,US,Tempe,,,
2196,US,Gretna,,,
2197,US,Bartlett,,,
2198,US,Landover,,,
2199,US,Massapequa Park,,,
2200,US,Massapequa,,,
2201,US,Hemet,,,
2202,US,Rapid City,,,
2203,US,Costa Mesa,,,
2204,US,Bryn Mawr-Skyway,,,
2205,US,Sycamore,,,
2206,US,Twin Falls,,,
2207,US,Pleasant Hill,,,
2208,US,Villa Park,,,
2209,US,Yakima,,,
2210,US,Rotterdam,,,
2211,US,Mead Valley,,,
2212,US,Swansea,,,
2213,US,Lima,,,
2214,US,Roseville,,,
2215,US,Suwanee,,,
2216,US,East Riverdale,,,
2217,US,Echo Park,,,
2218,US,Silver Lake,,,
2219,US,Hilton Head Island,,,
2220,US,Ilchester,,,
2221,US,Ferry Pass,,,
2222,US,Fort Hunt,,,
2223,US,Hazel Dell,,,
2224,US,Menasha,,,
2225,US,Menlo Park,,,
2226,US,Damascus,,,
2227,US,Brookhaven,,,
2228,US,Lynnwood,,,
2229,US,Kahului,,,
2230,US,Kingston,,,
2231,US,New Hope,,,
2232,US,Gardena,,,
2233,US,Fernley,,,
2234,US,Sun City West,,,
2235,US,Sun City,,,
2236,US,Lincoln Park,,,
2237,US,Fairborn,,,
2238,US,West Valley City,,,
2239,US,Cambridge,,,
2240,US,Upland,,,
2241,US,San Jacinto,,,
2242,US,Roseburg,,,
2243,US,San Luis Obispo,,,
2244,US,Lebanon,,,
2245,US,Calabasas,,,
2246,US,Mineola,,,
2247,US,Tucson,,,
2248,US,Salisbury,,,
2249,US,Newport Beach,,,
2250,US,Santa Cruz,,,
2251,US,Port Saint Lucie,,,
2252,US,Wisconsin Rapids,,,
2253,US,Henderson,,,
2254,US,Hudson,,,
2255,US,Maywood,,,
2256,US,Enterprise,,,
2257,US,Rancho Cordova,,,
2258,US,Westmont,,,
2259,US,Brownsburg,,,
2260,US,West Seneca,,,
2261,US,Milpitas,,,
2262,US,Brushy Creek,,,
2263,US,Hilo,,,
2264,US,Marshfield,,,
2265,US,Coral Terrace,,,
2266,US,Hackensack,,,
2267,US,Danville,,,
2268,US,Oxford,,,
2269,US,East Chicago,,,
2270,US,Copperas Cove,,,
2271,US,Eloy,,,
2272,US,Elmont,,,
2273,US,San Pedro,,,
2274,US,Dayton,,,
2275,US,Rockledge,,,
2276,US,Battle Ground,,,
2277,US,Coos Bay,,,
2278,US,Bay Point,,,
2279,US,Boca Raton,,,
2280,US,Helena,,,
2281,US,Lehi,,,
2282,US,Altadena,,,
2283,US,Lomita,,,
2284,US,Oklahoma City,,,
2285,US,Springfield,,,
2286,US,Bell Gardens,,,
2287,US,Sparks,,,
2288,US,Butte,,,
2289,US,Parole,,,
2290,US,Cerritos,,,
2291,US,El Cajon,,,
2292,US,Monrovia,,,
2293,US,Germantown,,,
2294,US,Vincennes,,,
2295,US,Enterprise,,,
2296,US,Seattle,,,
2297,US,Hempstead,,,
2298,US,Winthrop,,,
2299,US,Old Bridge,,,
2300,US,Mount Prospect,,,
2301,US,Redmond,,,
2302,US,Oakland,,,
2303,US,Philadelphia,,,
2304,US,East Northport,,,
2305,US,Wesley Chapel,,,
2306,US,Stanton,,,
2307,US,Madera,,,
2308,US,Ferndale,,,
2309,US,Santa Paula,,,
2310,US,West Torrington,,,
2311,US,New Castle,,,
2312,US,Garner,,,
2313,US,Duluth,,,
2314,US,Benicia,,,
2315,US,West Odessa,,,
2316,US,Mustang,,,
2317,US,Tigard,,,
2318,US,Carbondale,,,
2319,US,Wyandotte,,,
2320,US,Portsmouth,,,
2321,US,Bonney Lake,,,
2322,US,Jacksonville,,,
2323,US,Jacksonville Beach,,,
2324,US,Fort Leonard Wood,,,
2325,US,Yorkville,,,
2326,US,Eldersburg,,,
2327,US,Sun Valley,,,
2328,US,Fair Oaks,,,
2329,US,Goose Creek,,,
2330,US,Saint Charles,,,
2331,US,DeSoto,,,
2332,US,San Bernardino,,,
2333,US,Stillwater,,,
2334,US,Carrollton,,,
2335,US,Eagle River,,,
2336,US,Lents,,,
2337,US,Brentwood,,,
2338,US,Helena,,,
2339,US,West Linn,,,
2340,US,Mooresville,,,
2341,US,Lumberton,,,
2342,US,Paterson,,,
2343,US,Pekin,,,
2344,US,Wellesley,,,
2345,US,Sebastian,,,
2346,US,Louisville,,,
2347,US,South Lake Tahoe,,,
2348,US,West Whittier-Los Nietos,,,
2349,US,Santa Ana,,,
2350,US,Melville,,,
2351,US,Perris,,,
2352,US,Springville,,,
2353,US,Claremore,,,
2354,US,Canton,,,
2355,US,Temple City,,,
2356,US,Madison Heights,,,
2357,US,Palmer,,,
2358,US,Jamestown,,,
2359,US,Belton,,,
2360,US,Bangor,,,
2361,US,Wheaton,,,
2362,US,Irving,,,
2363,US,Carteret,,,
2364,US,Mount Pleasant,,,
2365,US,Oswego,,,
2366,US,Lansing,,,
2367,US,Burlington,,,
2368,US,Bayonet Point,,,
2369,US,Norwood,,,
2370,US,Fort Smith,,,
2371,US,Derry Village,,,
2372,US,Greenacres City,,,
2373,US,Mitchell,,,
2374,US,Homestead,,,
2375,US,Greenburgh,,,
2376,US,Oak Park,,,
2377,US,Riverton,,,
2378,US,Azusa,,,
2379,US,Grapevine,,,
2380,US,Buenaventura Lakes,,,
2381,US,Ferguson,,,
2382,US,North Augusta,,,
2383,US,Natchez,,,
2384,US,Troy,,,
2385,US,Berea,,,
2386,US,Cathedral City,,,
2387,US,Littleton,,,
2388,US,Lynn Haven,,,
2389,US,Aldine,,,
2390,US,Ossining,,,
2391,US,Tinton Falls,,,
2392,US,Fairfield,,,
2393,US,Mount Vernon,,,
2394,US,Commack,,,
2395,US,Bristol,,,
2396,US,Chillum,,,
2397,US,Dublin,,,
2398,US,Bismarck,,,
2399,US,Payson,,,
2400,US,Santee,,,
2401,US,Pleasantville,,,
2402,US,Burien,,,
2403,US,North Salt Lake,,,
2404,US,Sun City,,,
2405,US,Biloxi,,,
2406,US,Myrtle Beach,,,
2407,US,Lackawanna,,,
2408,US,Greenville,,,
2409,US,Edmond,,,
2410,US,Wasco,,,
2411,US,Badger,,,
2412,US,Alton,,,
2413,US,Greenbelt,,,
2414,US,Ramsey,,,
2415,US,Jamaica Plain,,,
2416,US,McKinleyville,,,
2417,US,Lowell,,,
2418,US,Pasadena,,,
2419,US,Ellensburg,,,
2420,US,Palos Hills,,,
2421,US,Hinsdale,,,
2422,US,Waltham,,,
2423,US,North Kingstown,,,
2424,US,Dickinson,,,
2425,US,Dublin,,,
2426,US,West Haven,,,
2427,US,West Hartford,,,
2428,US,Addison,,,
2429,US,Douglas,,,
2430,US,Warrensburg,,,
2431,US,Tullahoma,,,
2432,US,West Pensacola,,,
2433,US,McAlester,,,
2434,US,Shelby,,,
2435,US,Depew,,,
2436,US,Temecula,,,
2437,US,Lynwood,,,
2438,US,North Ridgeville,,,
2439,US,Montclair,,,
2440,US,Eagle,,,
2441,US,Mount Lebanon,,,
2442,US,Fountain Valley,,,
2443,US,Altoona,,,
2444,US,Pottstown,,,
2445,US,Griffin,,,
2446,US,Rutland,,,
2447,US,Mira Loma,,,
2448,US,Moses Lake,,,
2449,US,Lakeside,,,
2450,US,Inglewood-Finn Hill,,,
2451,US,Toledo,,,
2452,US,Lawrence,,,
2453,US,Oak Creek,,,
2454,US,Walla Walla,,,
2455,US,Spanish Lake,,,
2456,US,Mequon,,,
2457,US,Rohnert Park,,,
2458,US,Kansas City,,,
2459,US,Fort Collins,,,
2460,US,Garden City,,,
2461,US,Willow Grove,,,
2462,US,Arroyo Grande,,,
2463,US,Renton,,,
2464,US,Humble,,,
2465,US,Owensboro,,,
2466,US,Steubenville,,,
2467,US,San Lorenzo,,,
2468,US,Salem,,,
2469,US,Winter Garden,,,
2470,US,Winter Haven,,,
2471,US,Sanger,,,
2472,US,Enchanted Hills,,,
2473,US,Greenwood,,,
2474,US,Ocoee,,,
2475,US,Birmingham,,,
2476,US,Pace,,,
2477,US,Hazelwood,,,
2478,US,Washington,,,
2479,US,Clearlake,,,
2480,US,Minnetonka Mills,,,
2481,US,Weymouth,,,
2482,US,South Saint Paul,,,
2483,US,Sheridan,,,
2484,US,Lombard,,,
2485,US,La Grange,,,
2486,US,Yukon,,,
2487,US,Gatesville,,,
2488,US,Bartlett,,,
2489,US,Folsom,,,
2490,US,Fayetteville,,,
2491,US,Delray Beach,,,
2492,US,Fort Myers,,,
2493,US,El Segundo,,,
2494,US,Portsmouth,,,
2495,US,Tinley Park,,,
2496,US,Radcliff,,,
2497,US,Shelbyville,,,
2498,US,Normal,,,
2499,US,Dania Beach,,,
2500,US,Four Corners,,,
2501,US,Wilson,,,
2502,US,Centerville,,,
2503,US,Beverly Hills,,,
2504,US,Royal Palm Beach,,,
2505,US,Erie,,,
2506,US,White Oak,,,
2507,US,Bell,,,
2508,US,Auburn Hills,,,
2509,US,Meadow Woods,,,
2510,US,Oakland Park,,,
2511,US,Goshen,,,
2512,US,Palm Springs,,,
2513,US,Casa Grande,,,
2514,US,El Dorado,,,
2515,US,Cutler Ridge,,,
2516,US,Gainesville,,,
2517,US,Poway,,,
2518,US,Teaneck,,,
2519,US,Boardman,,,
2520,US,San Angelo,,,
2521,US,South Milwaukee,,,
2522,US,Brook Park,,,
2523,US,Suisun,,,
2524,US,Benbrook,,,
2525,US,La Crosse,,,
2526,US,DeLand,,,
2527,US,Agoura,,,
2528,US,Agoura Hills,,,
2529,US,Georgetown,,,
2530,US,Lynn,,,
2531,US,Seymour,,,
2532,US,Bridgeton,,,
2533,US,Union City,,,
2534,US,Tulare,,,
2535,US,Sarasota,,,
2536,US,Germantown,,,
2537,US,South Jordan,,,
2538,US,Dedham,,,
2539,US,Los Banos,,,
2540,US,South Gate,,,
2541,US,Levittown,,,
2542,US,Muskogee,,,
2543,US,Shaker Heights,,,
2544,US,Farmers Branch,,,
2545,US,Stockton,,,
2546,US,Midland,,,
2547,US,Antelope,,,
2548,US,Riverbank,,,
2549,US,Broad Ripple,,,
2550,US,Elkridge,,,
2551,US,Flowing Wells,,,
2552,US,Deerfield,,,
2553,US,Danvers,,,
2554,US,Pine Hills,,,
2555,US,Miami,,,
2556,US,West Babylon,,,
2557,US,Huntington Park,,,
2558,US,Lodi,,,
2559,US,Kings Park,,,
2560,US,Trenton,,,
2561,US,New Rochelle,,,
2562,US,Peoria,,,
2563,US,Brookings,,,
2564,US,Gurnee,,,
2565,US,Socorro,,,
2566,US,Socorro Mission Number 1 Colonia,,,
2567,US,Lake Charles,,,
2568,US,Franklin Park,,,
2569,US,Bensenville,,,
2570,US,Chatsworth,,,
2571,US,Windsor,,,
2572,US,Libertyville,,,
2573,US,Juneau,,,
2574,US,Roswell,,,
2575,US,Kissimmee,,,
2576,US,Glen Ellyn,,,
2577,US,Largo,,,
2578,US,Oshkosh,,,
2579,US,Highview,,,
2580,US,Bainbridge Island,,,
2581,US,Irvine,,,
2582,US,South Hadley,,,
2583,US,Eden Prairie,,,
2584,US,Corpus Christi,,,
2585,US,Westchase,,,
2586,US,Edinburg,,,
2587,US,Brunswick,,,
2588,US,Somerset,,,
2589,US,Grand Prairie,,,
2590,US,Reisterstown,,,
2591,US,Santa Monica,,,
2592,US,Brookfield,,,
2593,US,Chesterfield,,,
2594,US,Millville,,,
2595,US,Simpsonville,,,
2596,US,Oak Hill,,,
2597,US,Hutchinson,,,
2598,US,Daly City,,,
2599,US,Millbrae,,,
2600,US,Sartell,,,
2601,US,Greer,,,
2602,US,Altamont,,,
2603,US,San Bruno,,,
2604,US,Keystone,,,
2605,US,Jenison,,,
2606,US,Hawthorne,,,
2607,US,Deerfield Beach,,,
2608,US,Arden-Arcade,,,
2609,US,Oxford,,,
2610,US,Concord,,,
2611,US,Indianapolis,,,
2612,US,Grove City,,,
2613,US,Riverside,,,
2614,US,Fremont,,,
2615,US,East Orange,,,
2616,US,Eden,,,
2617,US,Antioch,,,
2618,US,Greenville,,,
2619,US,Mauldin,,,
2620,US,Ashland,,,
2621,US,Mason City,,,
2622,US,Lake Magdalene,,,
2623,US,Merrick,,,
2624,US,Fargo,,,
2625,US,University,,,
2626,US,Granite City,,,
2627,US,Kennesaw,,,
2628,US,Maryville,,,
2629,US,Allen,,,
2630,US,East Concord,,,
2631,US,Eureka,,,
2632,US,Harrison,,,
2633,US,Kenmore,,,
2634,US,Pico Rivera,,,
2635,US,Allison Park,,,
2636,US,Hoboken,,,
2637,US,New South Memphis,,,
2638,US,Hot Springs National Park,,,
2639,US,Forest Hills,,,
2640,US,Nixa,,,
2641,US,Venice,,,
2642,US,Laconia,,,
2643,US,Des Plaines,,,
2644,US,Matteson,,,
2645,US,Ypsilanti,,,
2646,US,Cabot,,,
2647,US,Wayne,,,
2648,US,De Pere,,,
2649,US,Windsor,,,
2650,US,Brandon,,,
2651,US,Moscow,,,
2652,US,Lebanon,,,
2653,US,Tampa,,,
2654,US,Reading,,,
2655,US,Beaumont,,,
2656,US,Waukegan,,,
2657,US,Northridge,,,
2658,US,Cocoa,,,
2659,US,Port Huron,,,
2660,US,North Potomac,,,
2661,US,Dunedin,,,
2662,US,Kearns,,,
2663,US,Kirkwood,,,
2664,US,North Highlands,,,
2665,US,Laramie,,,
2666,US,Rock Springs,,,
2667,US,Watertown,,,
2668,US,Bellevue,,,
2669,US,Goldsboro,,,
2670,US,Gloversville,,,
2671,US,Kenmore,,,
2672,US,Payson,,,
2673,US,Fridley,,,
2674,US,Green,,,
2675,US,Niles,,,
2676,US,Bridgeview,,,
2677,US,Garden City,,,
2678,US,Cudahy,,,
2679,US,Spartanburg,,,
2680,US,Spring Hill,,,
2681,US,Greenville,,,
2682,US,Columbia,,,
2683,US,New Berlin,,,
2684,US,Rossville,,,
2685,US,Levittown,,,
2686,US,Rosemont,,,
2687,US,Merrillville,,,
2688,US,McKeesport,,,
2689,US,Leesburg,,,
2690,US,Wilmington Island,,,
2691,US,El Monte,,,
2692,US,Cudahy,,,
2693,US,Golden Glades,,,
2694,US,Milford Mill,,,
2695,US,Rancho Santa Margarita,,,
2696,US,Yucca Valley,,,
2697,US,Aventura,,,
2698,US,North Chicago,,,
2699,US,South Euclid,,,
2700,US,Safety Harbor,,,
2701,US,Morristown,,,
2702,US,Beverly,,,
2703,US,Dyersburg,,,
2704,US,Albany,,,
2705,US,East Saint Louis,,,
2706,US,Mount Laurel,,,
2707,US,Santa Barbara,,,
2708,US,Havelock,,,
2709,US,Prescott,,,
2710,US,Boise,,,
2711,US,Gloucester,,,
2712,US,Laplace,,,
2713,US,Portage,,,
2714,US,Evergreen Park,,,
2715,US,Palm Coast,,,
2716,US,Garden City,,,
2717,US,Kokomo,,,
2718,US,Kernersville,,,
2719,US,Grand Rapids,,,
2720,US,Clermont,,,
2721,US,Cary,,,
2722,US,North Miami Beach,,,
2723,US,North Miami,,,
2724,US,Oconomowoc,,,
2725,US,Streamwood,,,
2726,US,Ashland,,,
2727,US,Oildale,,,
2728,US,Arvin,,,
2729,US,Moorhead,,,
2730,US,Perth Amboy,,,
2731,US,Plattsburgh,,,
2732,US,Macomb,,,
2733,US,Bellevue,,,
2734,US,Hollywood,,,
2735,US,Atwater,,,
2736,US,Delaware,,,
2737,US,Boynton Beach,,,
2738,US,Alafaya,,,
2739,US,Newark,,,
2740,US,Highland,,,
2741,US,Hayward,,,
2742,US,Stuart,,,
2743,US,Sahuarita,,,
2744,US,Colonia,,,
2745,US,Miami Lakes,,,
2746,US,Waterloo,,,
2747,US,Metairie,,,
2748,US,Parma Heights,,,
2749,US,Richmond West,,,
2750,US,Bethpage,,,
2751,US,Woodstock,,,
2752,US,Redan,,,
2753,US,Morgan Hill,,,
2754,US,Vicksburg,,,
2755,US,Pittsburg,,,
2756,US,Woodridge,,,
2757,US,Fairland,,,
2758,US,Wilkes-Barre,,,
2759,US,Dixon,,,
2760,US,Napa,,,
2761,US,Odenton,,,
2762,US,Newberg,,,
2763,US,Fontana,,,
2764,US,Worcester,,,
2765,US,Cinco Ranch,,,
2766,US,Denton,,,
2767,US,Fort Lauderdale,,,
2768,US,Newton,,,
2769,US,Medford,,,
2770,US,Ozark,,,
2771,US,Rocky River,,,
2772,US,Sanford,,,
2773,US,Sandy City,,,
2774,US,Weirton Heights,,,
2775,US,Mentor,,,
2776,US,Winter Gardens,,,
2777,US,Florence,,,
2778,US,Kaukauna,,,
2779,US,Pittsburg,,,
2780,US,West Jordan,,,
2781,US,North Ogden,,,
2782,US,Pompano Beach,,,
2783,US,Russellville,,,
2784,US,Overland Park,,,
2785,US,Brea,,,
2786,US,Milledgeville,,,
2787,US,Maple Valley,,,
2788,US,Thornton,,,
2789,US,West Lake Sammamish,,,
2790,US,West Lake Stevens,,,
2791,US,Jackson,,,
2792,US,Bethany,,,
2793,US,Hastings,,,
2794,US,Bountiful,,,
2795,US,Springfield,,,
2796,US,"Washington, D.C.",,,
2797,US,Oregon City,,,
2798,US,Seal Beach,,,
2799,US,Canton,,,
2800,US,Severna Park,,,
2801,US,Waterford,,,
2802,US,New Orleans,,,
2803,US,Xenia,,,
2804,US,Spring Hill,,,
2805,US,Wilton,,,
2806,US,Williamstown,,,
2807,US,Jackson,,,
2808,US,Fairfield,,,
2809,US,Cypress,,,
2810,US,Lewiston,,,
2811,US,Gardner,,,
2812,US,Hillsboro,,,
2813,US,Farmington Hills,,,
2814,US,Lakeland,,,
2815,US,White Plains,,,
2816,US,Johnson City,,,
2817,US,Seaford,,,
2818,US,Charlotte,,,
2819,US,Alice,,,
2820,US,Sudbury,,,
2821,US,Oroville,,,
2822,US,Ensley,,,
2823,US,Riverside,,,
2824,US,Westminster,,,
2825,US,Bowling Green,,,
2826,US,Morganton,,,
2827,US,Ellicott City,,,
2828,US,Mint Hill,,,
2829,US,Ottawa,,,
2830,US,Potomac,,,
2831,US,Columbus,,,
2832,US,Gainesville,,,
2833,US,Lafayette,,,
2834,US,Columbia,,,
2835,US,Haltom City,,,
2836,US,Murray,,,
2837,US,Winona,,,
2838,US,Santa Maria,,,
2839,US,Leawood,,,
2840,US,Bella Vista,,,
2841,US,Floral Park,,,
2842,US,Silver Spring,,,
2843,US,White Oak,,,
2844,US,Anoka,,,
2845,US,Columbia,,,
2846,US,Syracuse,,,
2847,US,Dix Hills,,,
2848,US,Flower Mound,,,
2849,US,Cranston,,,
2850,US,Stoneham,,,
2851,US,Germantown,,,
2852,US,Highland,,,
2853,US,Joliet,,,
2854,US,Geneva,,,
2855,US,Lompoc,,,
2856,US,Kirkland,,,
2857,US,Center Point,,,
2858,US,Maple Grove,,,
2859,US,Goodings Grove,,,
2860,US,Cliffside Park,,,
2861,US,Salisbury,,,
2862,US,Carson,,,
2863,US,Schererville,,,
2864,US,West Coon Rapids,,,
2865,US,North Charleston,,,
2866,US,Boone,,,
2867,US,Homer Glen,,,
2868,US,Ken Caryl,,,
2869,US,Turlock,,,
2870,US,Buffalo,,,
2871,US,University City,,,
2872,US,Universal City,,,
2873,US,Deltona,,,
2874,US,College Park,,,
2875,US,Morton,,,
2876,US,La Grange,,,
2877,US,Lacey,,,
2878,US,Lyndhurst,,,
2879,US,Lexington,,,
2880,US,Memphis,,,
2881,US,Orange,,,
2882,US,San Jose,,,
2883,US,Dickinson,,,
2884,US,Tempe Junction,,,
2885,US,Northglenn,,,
2886,US,Forest Park,,,
2887,US,Lakewood,,,
2888,US,San Carlos Park,,,
2889,US,Phoenixville,,,
2890,US,Lindenhurst,,,
2891,US,Round Lake Beach,,,
2892,US,Round Lake,,,
2893,US,Hanahan,,,
2894,US,Ithaca,,,
2895,US,Palm City,,,
2896,US,Suitland,,,
2897,US,Englewood,,,
2898,US,Moorpark,,,
2899,US,Holtsville,,,
2900,US,Casas Adobes,,,
2901,US,Nampa,,,
2902,US,Fall River,,,
2903,US,Wilmington,,,
2904,US,Minneapolis,,,
2905,US,Holt,,,
2906,US,Dalton,,,
2907,US,Springfield,,,
2908,US,Thousand Oaks,,,
2909,US,North Providence,,,
2910,US,Union City,,,
2911,US,Carmel,,,
2912,US,Valdosta,,,
2913,US,Wantagh,,,
2914,US,Arlington,,,
2915,US,Covington,,,
2916,US,Kenosha,,,
2917,US,Muscatine,,,
2918,US,Chester,,,
2919,US,Clayton,,,